{
	"partitions" : [
		{
			"name" : "Top",
			"pins" : [
				{
					"name" : "Outport1",
					"strict" : false
				},
				{
					"name" : "Outport2",
					"strict" : false
				},
				{
					"name" : "Outport3",
					"strict" : false
				},
				{
					"name" : "Outport4",
					"strict" : false
				},
				{
					"name" : "Outport",
					"strict" : false
				},
				{
					"name" : "Input",
					"strict" : false
				},
				{
					"name" : "Input1",
					"strict" : false
				},
				{
					"name" : "Input2",
					"strict" : false
				},
				{
					"name" : "Input3",
					"strict" : false
				},
				{
					"name" : "Input4",
					"strict" : false
				},
				{
					"name" : "Input5",
					"strict" : false
				},
				{
					"name" : "Input6",
					"strict" : false
				},
				{
					"name" : "Input7",
					"strict" : false
				},
				{
					"name" : "Input8",
					"strict" : false
				}
			]
		}
	]
}