<?xml version="1.0" encoding="UTF-8"?>
<preferences>
 <debug showDebugMenu="0" />
 <systemtable filter="All Interfaces">
  <columns>
   <connections preferredWidth="127" />
   <irq preferredWidth="34" />
  </columns>
 </systemtable>
 <library
   expandedCategories="Project,Library/Basic Functions/Bridges and Adaptors/Memory Mapped,Library/Basic Functions/Bridges and Adaptors,Library/Interface Protocols/Serial,Library/Basic Functions/Simulation; Debug and Verification/Debug and Performance,Library/Interface Protocols,Library/Basic Functions/Simulation; Debug and Verification,Library,Library/Basic Functions" />
 <window width="1606" height="1083" x="280" y="882" />
</preferences>
