# Copyright (C) 2022  Intel Corporation. All rights reserved.
# Your use of Intel Corporation's design tools, logic functions 
# and other software and tools, and any partner logic 
# functions, and any output files from any of the foregoing 
# (including device programming or simulation files), and any 
# associated documentation or information are expressly subject 
# to the terms and conditions of the Intel Program License 
# Subscription Agreement, the Intel Quartus Prime License Agreement,
# the Intel FPGA IP License Agreement, or other applicable license
# agreement, including, without limitation, that your use is for
# the sole purpose of programming logic devices manufactured by
# Intel and sold by Intel or its authorized distributors.  Please
# refer to the applicable agreement for further details, at
# https://fpgasoftware.intel.com/eula.

# Quartus Prime Version 21.1.1 Build 850 06/23/2022 SJ Lite Edition
# File: C:\Users\Deepak\Documents\MastersDegree\EmbeddedSystems\QuartusProjects\quartus_prime_projects\Lab4\Lab4Part2\Lab4Part2.csv
# Generated on: Fri Nov  3 22:46:44 2023

# Note: The column header names should not be changed if you wish to import this .csv file into the Quartus Prime software.

To,Direction,Location,I/O Bank,VREF Group,Fitter Location,I/O Standard,Reserved,Current Strength,Slew Rate,Differential Pair,Transceiver Analog Settings Protocol,VCCR_GXB/VCCT_GXB Voltage,Transceiver I/O Pin Termination,Transceiver Dedicated Refclk Pin Termination,Transmitter Common Mode Driver Voltage,Transmitter Slew Rate Control,Transmitter Differential Output Voltage,Receiver Buffer Common Mode Voltage,Strict Preservation
CLK,Input,PIN_AA15,3B,B3B_N0,PIN_W16,,,,,,,,,,,,,,
COUNT[15],Output,,,,PIN_AA19,,,,,,,,,,,,,,
COUNT[14],Output,,,,PIN_AK22,,,,,,,,,,,,,,
COUNT[13],Output,,,,PIN_G10,,,,,,,,,,,,,,
COUNT[12],Output,,,,PIN_H8,,,,,,,,,,,,,,
COUNT[11],Output,,,,PIN_D5,,,,,,,,,,,,,,
COUNT[10],Output,,,,PIN_AD24,,,,,,,,,,,,,,
COUNT[9],Output,,,,PIN_E3,,,,,,,,,,,,,,
COUNT[8],Output,,,,PIN_AK29,,,,,,,,,,,,,,
COUNT[7],Output,,,,PIN_AD7,,,,,,,,,,,,,,
COUNT[6],Output,,,,PIN_B11,,,,,,,,,,,,,,
COUNT[5],Output,,,,PIN_AD30,,,,,,,,,,,,,,
COUNT[4],Output,,,,PIN_AG12,,,,,,,,,,,,,,
COUNT[3],Output,,,,PIN_AJ10,,,,,,,,,,,,,,
COUNT[2],Output,,,,PIN_AD19,,,,,,,,,,,,,,
COUNT[1],Output,,,,PIN_H12,,,,,,,,,,,,,,
COUNT[0],Output,,,,PIN_D1,,,,,,,,,,,,,,
HEX0[0],Output,PIN_AE26,5A,B5A_N0,PIN_Y17,,,,,,,,,,,,,,
HEX0[1],Output,PIN_AE27,5A,B5A_N0,PIN_AH15,,,,,,,,,,,,,,
HEX0[2],Output,PIN_AE28,5A,B5A_N0,PIN_W15,,,,,,,,,,,,,,
HEX0[3],Output,PIN_AG27,5A,B5A_N0,PIN_AH18,,,,,,,,,,,,,,
HEX0[4],Output,PIN_AF28,5A,B5A_N0,PIN_AE17,,,,,,,,,,,,,,
HEX0[5],Output,PIN_AG28,5A,B5A_N0,PIN_AG16,,,,,,,,,,,,,,
HEX0[6],Output,PIN_AH28,5A,B5A_N0,PIN_AG17,,,,,,,,,,,,,,
HEX1[0],Output,PIN_AJ29,5A,B5A_N0,PIN_AJ19,,,,,,,,,,,,,,
HEX1[1],Output,PIN_AH29,5A,B5A_N0,PIN_AA16,,,,,,,,,,,,,,
HEX1[2],Output,PIN_AH30,5A,B5A_N0,PIN_AK18,,,,,,,,,,,,,,
HEX1[3],Output,PIN_AG30,5A,B5A_N0,PIN_AK19,,,,,,,,,,,,,,
HEX1[4],Output,PIN_AF29,5A,B5A_N0,PIN_AF16,,,,,,,,,,,,,,
HEX1[5],Output,PIN_AF30,5A,B5A_N0,PIN_W17,,,,,,,,,,,,,,
HEX1[6],Output,PIN_AD27,5A,B5A_N0,PIN_V17,,,,,,,,,,,,,,
HEX2[0],Output,PIN_AB23,5A,B5A_N0,PIN_AJ17,,,,,,,,,,,,,,
HEX2[1],Output,PIN_AE29,5B,B5B_N0,PIN_AH17,,,,,,,,,,,,,,
HEX2[2],Output,PIN_AD29,5B,B5B_N0,PIN_AG18,,,,,,,,,,,,,,
HEX2[3],Output,PIN_AC28,5B,B5B_N0,PIN_Y16,,,,,,,,,,,,,,
HEX2[4],Output,PIN_AD30,5B,B5B_N0,PIN_AG21,,,,,,,,,,,,,,
HEX2[5],Output,PIN_AC29,5B,B5B_N0,PIN_AK16,,,,,,,,,,,,,,
HEX2[6],Output,PIN_AC30,5B,B5B_N0,PIN_AH19,,,,,,,,,,,,,,
HEX3[0],Output,PIN_AD26,5A,B5A_N0,PIN_AE16,,,,,,,,,,,,,,
HEX3[1],Output,PIN_AC27,5A,B5A_N0,PIN_V16,,,,,,,,,,,,,,
HEX3[2],Output,PIN_AD25,5A,B5A_N0,PIN_AF18,,,,,,,,,,,,,,
HEX3[3],Output,PIN_AC25,5A,B5A_N0,PIN_AH20,,,,,,,,,,,,,,
HEX3[4],Output,PIN_AB28,5B,B5B_N0,PIN_AJ16,,,,,,,,,,,,,,
HEX3[5],Output,PIN_AB25,5A,B5A_N0,PIN_AJ14,,,,,,,,,,,,,,
HEX3[6],Output,PIN_AB22,5A,B5A_N0,PIN_AB17,,,,,,,,,,,,,,
RST,Input,PIN_AA14,3B,B3B_N0,PIN_AK14,,,,,,,,,,,,,,
